{
	"nodes":	[{
			"date":	"2020-02-08",
			"id":	"Node_0",
			"jump":	1,
			"SNPs":	["3175(SNP:A->G)", "3179(SNP:G->A)", "8782(SNP:C->T)", "14422(SNP:C->T)", "14585(SNP:C->T)", "23405(SNP:G->C)", "28144(SNP:T->C)", "28315(SNP:C->T)"],
			"radius":	1,
			"pieChart":	[{
					"color":	"China",
					"percent":	100
				}],
			"Virus":	[{
					"acc":	"EPI_ISL_412983",
					"date":	"2020-02-08",
					"loci":	"China",
					"name":	"BetaCoV/Tianmen/HBCDC-HB-07/2020"
				}],
			"group":	3,
			"total_degree":	1,
			"in_degree":	1,
			"out_degree":	0,
			"entropy":	0
		}, {
			"date":	"2020-03-19",
			"id":	"Node_1",
			"jump":	2,
			"SNPs":	["2534(SNP:G->T)", "3179(SNP:G->A)", "6982(SNP:C->T)", "8782(SNP:C->T)", "25996(SNP:G->T)", "28144(SNP:T->C)", "28209(SNP:G->T)"],
			"radius":	1,
			"pieChart":	[{
					"color":	"Japan",
					"percent":	100
				}],
			"Virus":	[{
					"acc":	"EPI_ISL_480110",
					"date":	"2020-03-19",
					"loci":	"Japan",
					"name":	"hCoV-19/Japan/PG-0446/2020"
				}],
			"group":	2,
			"total_degree":	1,
			"in_degree":	1,
			"out_degree":	0,
			"entropy":	0
		}, {
			"date":	"2020-03-28",
			"id":	"Node_2",
			"jump":	3,
			"SNPs":	["335(SNP:C->T)", "1596(SNP:A->C)", "2095(SNP:G->T)", "3179(SNP:G->A)", "6982(SNP:C->T)", "8782(SNP:C->T)", "28144(SNP:T->C)"],
			"radius":	1,
			"pieChart":	[{
					"color":	"Japan",
					"percent":	100
				}],
			"Virus":	[{
					"acc":	"EPI_ISL_862841",
					"date":	"2020-03-28",
					"loci":	"Japan",
					"name":	"hCoV-19/Japan/FHU-FP9530-09-1/2020"
				}],
			"group":	1,
			"total_degree":	1,
			"in_degree":	1,
			"out_degree":	0,
			"entropy":	0
		}, {
			"date":	"2020-03-13",
			"id":	"Node_3",
			"jump":	2,
			"SNPs":	["2599(SNP:G->T)", "3179(SNP:G->A)", "6982(SNP:C->T)", "8782(SNP:C->T)", "14449(SNP:G->K)", "28144(SNP:T->C)"],
			"radius":	1,
			"pieChart":	[{
					"color":	"Japan",
					"percent":	100
				}],
			"Virus":	[{
					"acc":	"EPI_ISL_636989",
					"date":	"2020-03-13",
					"loci":	"Japan",
					"name":	"hCoV-19/Japan/NGY-NNH-022/2020"
				}],
			"group":	2,
			"total_degree":	1,
			"in_degree":	1,
			"out_degree":	0,
			"entropy":	0
		}, {
			"date":	"2020-03-26",
			"id":	"Node_4",
			"jump":	3,
			"SNPs":	["3179(SNP:G->A)", "6982(SNP:C->T)", "8782(SNP:C->T)", "25587(SNP:C->T)", "26713(SNP:G->T)", "28144(SNP:T->C)"],
			"radius":	1,
			"pieChart":	[{
					"color":	"Japan",
					"percent":	100
				}],
			"Virus":	[{
					"acc":	"EPI_ISL_480085",
					"date":	"2020-03-26",
					"loci":	"Japan",
					"name":	"hCoV-19/Japan/PG-0417/2020"
				}],
			"group":	0,
			"total_degree":	1,
			"in_degree":	1,
			"out_degree":	0,
			"entropy":	0
		}, {
			"date":	"2020-03-25",
			"id":	"Node_5",
			"jump":	2,
			"SNPs":	["3179(SNP:G->A)", "6982(SNP:C->T)", "8782(SNP:C->T)", "26713(SNP:G->T)", "28144(SNP:T->C)"],
			"radius":	6,
			"pieChart":	[{
					"color":	"Japan",
					"percent":	100
				}],
			"Virus":	[{
					"acc":	"EPI_ISL_480083",
					"date":	"2020-03-25",
					"loci":	"Japan",
					"name":	"hCoV-19/Japan/PG-0415/2020"
				}, {
					"acc":	"EPI_ISL_480084",
					"date":	"2020-03-25",
					"loci":	"Japan",
					"name":	"hCoV-19/Japan/PG-0416/2020"
				}, {
					"acc":	"EPI_ISL_480087",
					"date":	"2020-03-27",
					"loci":	"Japan",
					"name":	"hCoV-19/Japan/PG-0419/2020"
				}, {
					"acc":	"EPI_ISL_480086",
					"date":	"2020-03-27",
					"loci":	"Japan",
					"name":	"hCoV-19/Japan/PG-0418/2020"
				}, {
					"acc":	"EPI_ISL_480089",
					"date":	"2020-03-29",
					"loci":	"Japan",
					"name":	"hCoV-19/Japan/PG-0421/2020"
				}, {
					"acc":	"EPI_ISL_480088",
					"date":	"2020-03-29",
					"loci":	"Japan",
					"name":	"hCoV-19/Japan/PG-0420/2020"
				}],
			"group":	0,
			"total_degree":	2,
			"in_degree":	1,
			"out_degree":	1,
			"entropy":	0
		}, {
			"date":	"2020-03-02",
			"id":	"Node_6",
			"jump":	2,
			"SNPs":	["3179(SNP:G->A)", "6982(SNP:C->T)", "8782(SNP:C->T)", "25904(SNP:C->T)", "28144(SNP:T->C)"],
			"radius":	2,
			"pieChart":	[{
					"color":	"Japan",
					"percent":	100
				}],
			"Virus":	[{
					"acc":	"EPI_ISL_479980",
					"date":	"2020-03-02",
					"loci":	"Japan",
					"name":	"hCoV-19/Japan/PG-0304/2020"
				}, {
					"acc":	"EPI_ISL_479979",
					"date":	"2020-03-02",
					"loci":	"Japan",
					"name":	"hCoV-19/Japan/PG-0303/2020"
				}],
			"group":	2,
			"total_degree":	1,
			"in_degree":	1,
			"out_degree":	0,
			"entropy":	0
		}, {
			"date":	"2020-02-22",
			"id":	"Node_7",
			"jump":	2,
			"SNPs":	["1244(SNP:G->T)", "3179(SNP:G->A)", "6982(SNP:C->T)", "8782(SNP:C->T)", "28144(SNP:T->C)"],
			"radius":	1,
			"pieChart":	[{
					"color":	"Japan",
					"percent":	100
				}],
			"Virus":	[{
					"acc":	"EPI_ISL_480044",
					"date":	"2020-02-22",
					"loci":	"Japan",
					"name":	"hCoV-19/Japan/PG-0374/2020"
				}],
			"group":	2,
			"total_degree":	1,
			"in_degree":	1,
			"out_degree":	0,
			"entropy":	0
		}, {
			"date":	"2020-02-22",
			"id":	"Node_8",
			"jump":	2,
			"SNPs":	["691(SNP:A->T)", "3179(SNP:G->A)", "6982(SNP:C->T)", "8782(SNP:C->T)", "28144(SNP:T->C)"],
			"radius":	1,
			"pieChart":	[{
					"color":	"Japan",
					"percent":	100
				}],
			"Virus":	[{
					"acc":	"EPI_ISL_480045",
					"date":	"2020-02-22",
					"loci":	"Japan",
					"name":	"hCoV-19/Japan/PG-0375/2020"
				}],
			"group":	2,
			"total_degree":	1,
			"in_degree":	1,
			"out_degree":	0,
			"entropy":	0
		}, {
			"date":	"2020-02-26",
			"id":	"Node_9",
			"jump":	2,
			"SNPs":	["3179(SNP:G->A)", "6982(SNP:C->T)", "8782(SNP:C->T)", "25106(SNP:G->A)", "28144(SNP:T->C)"],
			"radius":	1,
			"pieChart":	[{
					"color":	"Japan",
					"percent":	100
				}],
			"Virus":	[{
					"acc":	"EPI_ISL_480049",
					"date":	"2020-02-26",
					"loci":	"Japan",
					"name":	"hCoV-19/Japan/PG-0379/2020"
				}],
			"group":	2,
			"total_degree":	1,
			"in_degree":	1,
			"out_degree":	0,
			"entropy":	0
		}, {
			"date":	"2020-03-02",
			"id":	"Node_10",
			"jump":	2,
			"SNPs":	["3179(SNP:G->A)", "6982(SNP:C->T)", "8782(SNP:C->T)", "27364(SNP:G->T)", "28144(SNP:T->C)"],
			"radius":	1,
			"pieChart":	[{
					"color":	"Japan",
					"percent":	100
				}],
			"Virus":	[{
					"acc":	"EPI_ISL_862839",
					"date":	"2020-03-02",
					"loci":	"Japan",
					"name":	"hCoV-19/Japan/FHU-FP9534-01-1/2020"
				}],
			"group":	2,
			"total_degree":	1,
			"in_degree":	1,
			"out_degree":	0,
			"entropy":	0
		}, {
			"date":	"2020-03-06",
			"id":	"Node_11",
			"jump":	2,
			"SNPs":	["3179(SNP:G->A)", "6982(SNP:C->T)", "8782(SNP:C->T)", "17523(SNP:G->T)", "28144(SNP:T->C)"],
			"radius":	1,
			"pieChart":	[{
					"color":	"Japan",
					"percent":	100
				}],
			"Virus":	[{
					"acc":	"EPI_ISL_480061",
					"date":	"2020-03-06",
					"loci":	"Japan",
					"name":	"hCoV-19/Japan/PG-0392/2020"
				}],
			"group":	2,
			"total_degree":	1,
			"in_degree":	1,
			"out_degree":	0,
			"entropy":	0
		}, {
			"date":	"2020-03-14",
			"id":	"Node_12",
			"jump":	2,
			"SNPs":	["2095(SNP:G->T)", "3179(SNP:G->A)", "6982(SNP:C->T)", "8782(SNP:C->T)", "28144(SNP:T->C)"],
			"radius":	1,
			"pieChart":	[{
					"color":	"Japan",
					"percent":	100
				}],
			"Virus":	[{
					"acc":	"EPI_ISL_862838",
					"date":	"2020-03-14",
					"loci":	"Japan",
					"name":	"hCoV-19/Japan/FHU-FP9530-02-1/2020"
				}],
			"group":	1,
			"total_degree":	2,
			"in_degree":	1,
			"out_degree":	1,
			"entropy":	0
		}, {
			"date":	"2020-03-18",
			"id":	"Node_13",
			"jump":	2,
			"SNPs":	["3179(SNP:G->A)", "6982(SNP:C->T)", "8782(SNP:C->T)", "17536(SNP:C->T)", "28144(SNP:T->C)"],
			"radius":	1,
			"pieChart":	[{
					"color":	"Japan",
					"percent":	100
				}],
			"Virus":	[{
					"acc":	"EPI_ISL_684158",
					"date":	"2020-03-18",
					"loci":	"Japan",
					"name":	"hCoV-19/Japan/PG-0305/2020"
				}],
			"group":	2,
			"total_degree":	1,
			"in_degree":	1,
			"out_degree":	0,
			"entropy":	0
		}, {
			"date":	"2020-03-20",
			"id":	"Node_14",
			"jump":	2,
			"SNPs":	["3179(SNP:G->A)", "6385(SNP:C->T)", "6982(SNP:C->T)", "8782(SNP:C->T)", "28144(SNP:T->C)"],
			"radius":	1,
			"pieChart":	[{
					"color":	"Japan",
					"percent":	100
				}],
			"Virus":	[{
					"acc":	"EPI_ISL_568557",
					"date":	"2020-03-20",
					"loci":	"Japan",
					"name":	"hCoV-19/Japan/NGY-NNH-002/2020"
				}],
			"group":	2,
			"total_degree":	1,
			"in_degree":	1,
			"out_degree":	0,
			"entropy":	0
		}, {
			"date":	"2020-03-20",
			"id":	"Node_15",
			"jump":	2,
			"SNPs":	["3179(SNP:G->A)", "6982(SNP:C->T)", "8026(SNP:A->T)", "8782(SNP:C->T)", "28144(SNP:T->C)"],
			"radius":	1,
			"pieChart":	[{
					"color":	"Japan",
					"percent":	100
				}],
			"Virus":	[{
					"acc":	"EPI_ISL_684170",
					"date":	"2020-03-20",
					"loci":	"Japan",
					"name":	"hCoV-19/Japan/PG-0447/2020"
				}],
			"group":	2,
			"total_degree":	1,
			"in_degree":	1,
			"out_degree":	0,
			"entropy":	0
		}, {
			"date":	"2020-03-21",
			"id":	"Node_16",
			"jump":	2,
			"SNPs":	["3179(SNP:G->A)", "4399(SNP:G->T)", "6982(SNP:C->T)", "8782(SNP:C->T)", "28144(SNP:T->C)"],
			"radius":	1,
			"pieChart":	[{
					"color":	"Japan",
					"percent":	100
				}],
			"Virus":	[{
					"acc":	"EPI_ISL_480111",
					"date":	"2020-03-21",
					"loci":	"Japan",
					"name":	"hCoV-19/Japan/PG-0448/2020"
				}],
			"group":	2,
			"total_degree":	1,
			"in_degree":	1,
			"out_degree":	0,
			"entropy":	0
		}, {
			"date":	"2020-03-21",
			"id":	"Node_17",
			"jump":	2,
			"SNPs":	["3179(SNP:G->A)", "6982(SNP:C->T)", "8782(SNP:C->T)", "17474(SNP:C->T)", "28144(SNP:T->C)"],
			"radius":	1,
			"pieChart":	[{
					"color":	"Japan",
					"percent":	100
				}],
			"Virus":	[{
					"acc":	"EPI_ISL_479982",
					"date":	"2020-03-21",
					"loci":	"Japan",
					"name":	"hCoV-19/Japan/PG-0307/2020"
				}],
			"group":	2,
			"total_degree":	1,
			"in_degree":	1,
			"out_degree":	0,
			"entropy":	0
		}, {
			"date":	"2020-02-15",
			"id":	"Node_18",
			"jump":	1,
			"SNPs":	["3179(SNP:G->A)", "6982(SNP:C->T)", "8782(SNP:C->T)", "28144(SNP:T->C)"],
			"radius":	37,
			"pieChart":	[{
					"color":	"Japan",
					"percent":	100
				}],
			"Virus":	[{
					"acc":	"EPI_ISL_480042",
					"date":	"2020-02-15",
					"loci":	"Japan",
					"name":	"hCoV-19/Japan/PG-0372/2020"
				}, {
					"acc":	"EPI_ISL_480043",
					"date":	"2020-02-21",
					"loci":	"Japan",
					"name":	"hCoV-19/Japan/PG-0373/2020"
				}, {
					"acc":	"EPI_ISL_480046",
					"date":	"2020-02-22",
					"loci":	"Japan",
					"name":	"hCoV-19/Japan/PG-0376/2020"
				}, {
					"acc":	"EPI_ISL_480047",
					"date":	"2020-02-25",
					"loci":	"Japan",
					"name":	"hCoV-19/Japan/PG-0377/2020"
				}, {
					"acc":	"EPI_ISL_480048",
					"date":	"2020-02-26",
					"loci":	"Japan",
					"name":	"hCoV-19/Japan/PG-0378/2020"
				}, {
					"acc":	"EPI_ISL_684164",
					"date":	"2020-02-29",
					"loci":	"Japan",
					"name":	"hCoV-19/Japan/PG-0380/2020"
				}, {
					"acc":	"EPI_ISL_480050",
					"date":	"2020-03-01",
					"loci":	"Japan",
					"name":	"hCoV-19/Japan/PG-0381/2020"
				}, {
					"acc":	"EPI_ISL_480051",
					"date":	"2020-03-01",
					"loci":	"Japan",
					"name":	"hCoV-19/Japan/PG-0382/2020"
				}, {
					"acc":	"EPI_ISL_480053",
					"date":	"2020-03-03",
					"loci":	"Japan",
					"name":	"hCoV-19/Japan/PG-0384/2020"
				}, {
					"acc":	"EPI_ISL_690987",
					"date":	"2020-03-03",
					"loci":	"Japan",
					"name":	"hCoV-19/Japan/PG-2861/2020"
				}, {
					"acc":	"EPI_ISL_480052",
					"date":	"2020-03-03",
					"loci":	"Japan",
					"name":	"hCoV-19/Japan/PG-0383/2020"
				}, {
					"acc":	"EPI_ISL_480055",
					"date":	"2020-03-04",
					"loci":	"Japan",
					"name":	"hCoV-19/Japan/PG-0386/2020"
				}, {
					"acc":	"EPI_ISL_480056",
					"date":	"2020-03-04",
					"loci":	"Japan",
					"name":	"hCoV-19/Japan/PG-0387/2020"
				}, {
					"acc":	"EPI_ISL_480054",
					"date":	"2020-03-04",
					"loci":	"Japan",
					"name":	"hCoV-19/Japan/PG-0385/2020"
				}, {
					"acc":	"EPI_ISL_480057",
					"date":	"2020-03-04",
					"loci":	"Japan",
					"name":	"hCoV-19/Japan/PG-0388/2020"
				}, {
					"acc":	"EPI_ISL_690988",
					"date":	"2020-03-05",
					"loci":	"Japan",
					"name":	"hCoV-19/Japan/PG-2862/2020"
				}, {
					"acc":	"EPI_ISL_480060",
					"date":	"2020-03-05",
					"loci":	"Japan",
					"name":	"hCoV-19/Japan/PG-0391/2020"
				}, {
					"acc":	"EPI_ISL_480059",
					"date":	"2020-03-05",
					"loci":	"Japan",
					"name":	"hCoV-19/Japan/PG-0390/2020"
				}, {
					"acc":	"EPI_ISL_480058",
					"date":	"2020-03-05",
					"loci":	"Japan",
					"name":	"hCoV-19/Japan/PG-0389/2020"
				}, {
					"acc":	"EPI_ISL_480064",
					"date":	"2020-03-06",
					"loci":	"Japan",
					"name":	"hCoV-19/Japan/PG-0395/2020"
				}, {
					"acc":	"EPI_ISL_480062",
					"date":	"2020-03-06",
					"loci":	"Japan",
					"name":	"hCoV-19/Japan/PG-0393/2020"
				}, {
					"acc":	"EPI_ISL_480063",
					"date":	"2020-03-06",
					"loci":	"Japan",
					"name":	"hCoV-19/Japan/PG-0394/2020"
				}, {
					"acc":	"EPI_ISL_862837",
					"date":	"2020-03-09",
					"loci":	"Japan",
					"name":	"hCoV-19/Japan/FHU-FP9530-01-1/2020"
				}, {
					"acc":	"EPI_ISL_568556",
					"date":	"2020-03-13",
					"loci":	"Japan",
					"name":	"hCoV-19/Japan/NGY-NNH-001/2020"
				}, {
					"acc":	"EPI_ISL_480109",
					"date":	"2020-03-19",
					"loci":	"Japan",
					"name":	"hCoV-19/Japan/PG-0445/2020"
				}, {
					"acc":	"EPI_ISL_480117",
					"date":	"2020-03-19",
					"loci":	"Japan",
					"name":	"hCoV-19/Japan/PG-0455/2020"
				}, {
					"acc":	"EPI_ISL_479981",
					"date":	"2020-03-20",
					"loci":	"Japan",
					"name":	"hCoV-19/Japan/PG-0306/2020"
				}, {
					"acc":	"EPI_ISL_479983",
					"date":	"2020-03-21",
					"loci":	"Japan",
					"name":	"hCoV-19/Japan/PG-0308/2020"
				}, {
					"acc":	"EPI_ISL_480116",
					"date":	"2020-03-21",
					"loci":	"Japan",
					"name":	"hCoV-19/Japan/PG-0454/2020"
				}, {
					"acc":	"EPI_ISL_480115",
					"date":	"2020-03-21",
					"loci":	"Japan",
					"name":	"hCoV-19/Japan/PG-0453/2020"
				}, {
					"acc":	"EPI_ISL_480114",
					"date":	"2020-03-21",
					"loci":	"Japan",
					"name":	"hCoV-19/Japan/PG-0452/2020"
				}, {
					"acc":	"EPI_ISL_480113",
					"date":	"2020-03-21",
					"loci":	"Japan",
					"name":	"hCoV-19/Japan/PG-0450/2020"
				}, {
					"acc":	"EPI_ISL_480112",
					"date":	"2020-03-21",
					"loci":	"Japan",
					"name":	"hCoV-19/Japan/PG-0449/2020"
				}, {
					"acc":	"EPI_ISL_684171",
					"date":	"2020-03-21",
					"loci":	"Japan",
					"name":	"hCoV-19/Japan/PG-0451/2020"
				}, {
					"acc":	"EPI_ISL_479984",
					"date":	"2020-03-21",
					"loci":	"Japan",
					"name":	"hCoV-19/Japan/PG-0309/2020"
				}, {
					"acc":	"EPI_ISL_684172",
					"date":	"2020-03-23",
					"loci":	"Japan",
					"name":	"hCoV-19/Japan/PG-0456/2020"
				}, {
					"acc":	"EPI_ISL_862840",
					"date":	"2020-03-25",
					"loci":	"Japan",
					"name":	"hCoV-19/Japan/FHU-FP9530-08-1/2020"
				}],
			"group":	2,
			"total_degree":	16,
			"in_degree":	1,
			"out_degree":	15,
			"entropy":	0
		}, {
			"date":	"2020-03-02",
			"id":	"Node_19",
			"jump":	0,
			"SNPs":	[],
			"radius":	1,
			"pieChart":	[{
					"color":	"China",
					"percent":	100
				}],
			"Virus":	[{
					"acc":	"EPI_ISL_454904",
					"date":	"2020-03-02",
					"loci":	"China",
					"name":	"hCoV-19/Wuhan/HB-WH1-122/2020"
				}],
			"group":	3,
			"total_degree":	2,
			"in_degree":	0,
			"out_degree":	2,
			"entropy":	0
		}],
	"infor":	"As of 2021-07-28 21:03:03, 62 strains of virus have been sampled, with a total of 20 haplotypes. heightOfTree = 3",
	"links":	[{
			"source":	"Node_19",
			"target":	"Node_0",
			"distance":	8,
			"subset":	1,
			"minTime":	2
		}, {
			"source":	"Node_18",
			"target":	"Node_1",
			"distance":	3,
			"subset":	1,
			"minTime":	1
		}, {
			"source":	"Node_12",
			"target":	"Node_2",
			"distance":	2,
			"subset":	1,
			"minTime":	1
		}, {
			"source":	"Node_18",
			"target":	"Node_3",
			"distance":	2,
			"subset":	1,
			"minTime":	1
		}, {
			"source":	"Node_5",
			"target":	"Node_4",
			"distance":	1,
			"subset":	1,
			"minTime":	1
		}, {
			"source":	"Node_18",
			"target":	"Node_5",
			"distance":	1,
			"subset":	1,
			"minTime":	1
		}, {
			"source":	"Node_18",
			"target":	"Node_6",
			"distance":	1,
			"subset":	1,
			"minTime":	1
		}, {
			"source":	"Node_18",
			"target":	"Node_7",
			"distance":	1,
			"subset":	1,
			"minTime":	1
		}, {
			"source":	"Node_18",
			"target":	"Node_8",
			"distance":	1,
			"subset":	1,
			"minTime":	1
		}, {
			"source":	"Node_18",
			"target":	"Node_9",
			"distance":	1,
			"subset":	1,
			"minTime":	1
		}, {
			"source":	"Node_18",
			"target":	"Node_10",
			"distance":	1,
			"subset":	1,
			"minTime":	1
		}, {
			"source":	"Node_18",
			"target":	"Node_11",
			"distance":	1,
			"subset":	1,
			"minTime":	1
		}, {
			"source":	"Node_18",
			"target":	"Node_12",
			"distance":	1,
			"subset":	1,
			"minTime":	1
		}, {
			"source":	"Node_18",
			"target":	"Node_13",
			"distance":	1,
			"subset":	1,
			"minTime":	1
		}, {
			"source":	"Node_18",
			"target":	"Node_14",
			"distance":	1,
			"subset":	1,
			"minTime":	1
		}, {
			"source":	"Node_18",
			"target":	"Node_15",
			"distance":	1,
			"subset":	1,
			"minTime":	1
		}, {
			"source":	"Node_18",
			"target":	"Node_16",
			"distance":	1,
			"subset":	1,
			"minTime":	1
		}, {
			"source":	"Node_18",
			"target":	"Node_17",
			"distance":	1,
			"subset":	1,
			"minTime":	1
		}, {
			"source":	"Node_19",
			"target":	"Node_18",
			"distance":	4,
			"subset":	1,
			"minTime":	2
		}],
	"netInfor":	{
		"numOfViruses":	62,
		"numOfEdges":	19,
		"numOfHaps":	20,
		"heightOfTree":	3
	}
}